{
    "name": "adult",
    "task_type": "binclass",
    "header": null,
    "column_names": [
        "age",
        "workclass",
        "fnlwgt",
        "education",
        "education.num",
        "marital.status",
        "occupation",
        "relationship",
        "race",
        "sex",
        "capital.gain",
        "capital.loss",
        "hours.per.week",
        "native.country",
        "income"
    ],
    "num_col_idx": [
        0,
        2,
        4,
        10,
        11,
        12
    ],
    "cat_col_idx": [
        1,
        3,
        5,
        6,
        7,
        8,
        9,
        13
    ],
    "target_col_idx": [
        14
    ],
    "file_type": "csv",
    "data_path": "data/adult/adult.data",
    "test_path": "data/adult/adult.test",
    "column_info": {
        "age": "float",
        "workclass": "str",
        "fnlwgt": "float",
        "education": "str",
        "education.num": "float",
        "marital.status": "str",
        "occupation": "str",
        "relationship": "str",
        "race": "str",
        "sex": "str",
        "capital.gain": "float",
        "capital.loss": "float",
        "hours.per.week": "float",
        "native.country": "str",
        "income": "str"
    },
    "train_num": 32561,
    "test_num": 16281
}