{
    "name": "news",
    "task_type": "regression",
    "header": "infer",
    "column_names": null,
    "num_col_idx": [
        0,
        1,
        2,
        3,
        4,
        5,
        6,
        7,
        8,
        9,
        10,
        11,
        12,
        13,
        14,
        15,
        16,
        17,
        18,
        19,
        20,
        21,
        22,
        23,
        24,
        25,
        26,
        27,
        28,
        29,
        30,
        31,
        32,
        33,
        34,
        35,
        36,
        37,
        38,
        39,
        40,
        41,
        42,
        43,
        44
    ],
    "cat_col_idx": [
        46,
        47
    ],
    "target_col_idx": [
        45
    ],
    "file_type": "csv",
    "raw_data_path": "data/news/OnlineNewsPopularity/OnlineNewsPopularity.csv",
    "test_path": null,
    "data_path": "data/news/news.csv"
}